<?xml version="1.0" encoding="UTF-8"?>
<project-private xmlns="http://www.netbeans.org/ns/project-private/1">
    <editor-bookmarks xmlns="http://www.netbeans.org/ns/editor-bookmarks/2" lastBookmarkId="0"/>
    <open-files xmlns="http://www.netbeans.org/ns/projectui-open-files/2">
        <group>
            <file>file:/D:/Document/SEMESTER%204/BU%20YUYUN/HASIL%20PROGRAM%20JAVA/TUGAS%202%20PBO/CatheringBussines/src/cathering/home.java</file>
            <file>file:/D:/Document/SEMESTER%204/BU%20YUYUN/HASIL%20PROGRAM%20JAVA/TUGAS%202%20PBO/CatheringBussines/src/cathering/produk.java</file>
            <file>file:/D:/Document/SEMESTER%204/BU%20YUYUN/HASIL%20PROGRAM%20JAVA/TUGAS%202%20PBO/CatheringBussines/src/cathering/Login.java</file>
            <file>file:/D:/Document/SEMESTER%204/BU%20YUYUN/HASIL%20PROGRAM%20JAVA/TUGAS%202%20PBO/CatheringBussines/src/cathering/pelunasan.java</file>
            <file>file:/D:/Document/SEMESTER%204/BU%20YUYUN/HASIL%20PROGRAM%20JAVA/TUGAS%202%20PBO/CatheringBussines/src/cathering/laporan.java</file>
        </group>
    </open-files>
</project-private>
